-- Thêm dữ liệu vào các bảng
-- Bảng DONVI
INSERT INTO DAPH_DONVI VALUES ('DV01', N'Văn phòng khoa', NULL);
INSERT INTO DAPH_DONVI VALUES ('DV02', N'Bộ môn HTTT', NULL);
INSERT INTO DAPH_DONVI VALUES ('DV03', N'Bộ môn CNPM', NULL);
INSERT INTO DAPH_DONVI VALUES ('DV04', N'Bộ môn KHMT', NULL);
INSERT INTO DAPH_DONVI VALUES ('DV05', N'Bộ môn CNTT', NULL);
INSERT INTO DAPH_DONVI VALUES ('DV06', N'Bộ môn TGMT', NULL);
INSERT INTO DAPH_DONVI VALUES ('DV07', N'Bộ môn MMT và Viễn Thông', NULL);

-- Bảng SINHVIEN
INSERT INTO DAPH_SINHVIEN VALUES ('DAPH_SV21120206', N'Trịnh Gia Bảo', N'Nam', TO_DATE('01/01/2003', 'DD/MM/YYYY'), N'123 Linh Trung', '0909090909', 'CQ', 'CNTT', 80, 7);
INSERT INTO DAPH_SINHVIEN VALUES ('DAPH_SV21120251', N'Trần Quang Hưng', N'Nam', TO_DATE('01/02/2003', 'DD/MM/YYYY'), N'345 Linh Trung', '0909090901', 'CQ', 'CNTT', 75, 7.2);
INSERT INTO DAPH_SINHVIEN VALUES ('DAPH_SV21120289', N'Diệp Quốc Hoàng Nam', N'Nam', TO_DATE('01/03/2003', 'DD/MM/YYYY'), N'567 Linh Trung', '0909090801', 'CQ', 'CNTT', 80, 7.5);
INSERT INTO DAPH_SINHVIEN VALUES ('DAPH_SV21120445', N'Lê Thanh Hải', N'Nam', TO_DATE('01/04/2003', 'DD/MM/YYYY'), N'569 Linh Trung', '0909090101', 'CQ', 'CNTT', 78, 7);
INSERT INTO DAPH_SINHVIEN VALUES ('DAPH_SV21120446', N'Nguyễn Thị Minh Châu', N'Nữ', TO_DATE('01/05/2003', 'DD/MM/YYYY'), N'678 Linh Trung', '0909090102', 'CQ', 'CNTT', 82, 7.8);
INSERT INTO DAPH_SINHVIEN VALUES ('DAPH_SV21120447', N'Phạm Ngọc Anh', N'Nữ', TO_DATE('01/06/2003', 'DD/MM/YYYY'), N'789 Linh Trung', '0909090103', 'CQ', 'CNTT', 77, 7.4);
INSERT INTO DAPH_SINHVIEN VALUES ('DAPH_SV21120448', N'Lê Văn Tâm', N'Nam', TO_DATE('01/07/2003', 'DD/MM/YYYY'), N'890 Linh Trung', '0909090104', 'CQ', 'CNTT', 79, 7.6);
INSERT INTO DAPH_SINHVIEN VALUES ('DAPH_SV21120449', N'Trần Thanh Hương', N'Nữ', TO_DATE('01/08/2003', 'DD/MM/YYYY'), N'901 Linh Trung', '0909090105', 'CQ', 'CNTT', 76, 7.3);
INSERT INTO DAPH_SINHVIEN VALUES ('DAPH_SV21120450', N'Nguyễn Quang Vinh', N'Nam', TO_DATE('01/09/2003', 'DD/MM/YYYY'), N'012 Linh Trung', '0909090106', 'CQ', 'CNTT', 81, 7.7);
INSERT INTO DAPH_SINHVIEN VALUES ('DAPH_SV21120451', N'Lê Thị Thu Hà', N'Nữ', TO_DATE('01/10/2003', 'DD/MM/YYYY'), N'125 Linh Trung', '0909090107', 'CQ', 'CNTT', 83, 8.0);

-- Bảng NHANSU
-- Nhân viên cơ bản
INSERT INTO DAPH_NHANSU VALUES ('DAPH_NV01', N'Nguyễn Văn A', 'Nam', TO_DATE('02/01/1980', 'DD/MM/YYYY'), 0, '0101010101', N'Nhân viên cơ bản', 'DV01');
INSERT INTO DAPH_NHANSU VALUES ('DAPH_NV02', N'Lê Thị B', 'Nữ', TO_DATE('02/02/1981', 'DD/MM/YYYY'), 0, '0101010102', N'Nhân viên cơ bản', 'DV02');
INSERT INTO DAPH_NHANSU VALUES ('DAPH_NV03', N'Phạm Văn C', 'Nam', TO_DATE('02/03/1982', 'DD/MM/YYYY'), 0, '0101010103', N'Nhân viên cơ bản', 'DV03');

-- Giảng viên
INSERT INTO DAPH_NHANSU VALUES ('DAPH_GVI01', N'Nguyễn Văn D', 'Nam', TO_DATE('02/04/1980', 'DD/MM/YYYY'), 0, '0101010104', N'Giảng viên', 'DV04');
INSERT INTO DAPH_NHANSU VALUES ('DAPH_GVI02', N'Nguyễn Thị E', 'Nữ', TO_DATE('02/05/1981', 'DD/MM/YYYY'), 0, '0101010105', N'Giảng viên', 'DV05');
INSERT INTO DAPH_NHANSU VALUES ('DAPH_GVI03', N'Lê Văn F', 'Nam', TO_DATE('02/06/1982', 'DD/MM/YYYY'), 0, '0101010106', N'Giảng viên', 'DV06');

-- Giáo vụ
INSERT INTO DAPH_NHANSU VALUES ('DAPH_GVU01', N'Phạm Văn G', 'Nam', TO_DATE('02/07/1980', 'DD/MM/YYYY'), 0, '0101010107', N'Giáo vụ', 'DV07');
INSERT INTO DAPH_NHANSU VALUES ('DAPH_GVU02', N'Nguyễn Thị H', 'Nữ', TO_DATE('02/08/1981', 'DD/MM/YYYY'), 0, '0101010108', N'Giáo vụ', 'DV01');
INSERT INTO DAPH_NHANSU VALUES ('DAPH_GVU03', N'Lê Thị I', 'Nữ', TO_DATE('02/09/1982', 'DD/MM/YYYY'), 0, '0101010109', N'Giáo vụ', 'DV02');

-- Trưởng đơn vị
INSERT INTO DAPH_NHANSU VALUES ('DAPH_TDV01', N'Nguyễn Văn J', 'Nam', TO_DATE('02/10/1980', 'DD/MM/YYYY'), 0, '0101010110', N'Trưởng đơn vị', 'DV03');
INSERT INTO DAPH_NHANSU VALUES ('DAPH_TDV02', N'Nguyễn Thị K', 'Nữ', TO_DATE('02/11/1981', 'DD/MM/YYYY'), 0, '0101010111', N'Trưởng đơn vị', 'DV04');
INSERT INTO DAPH_NHANSU VALUES ('DAPH_TDV03', N'Lê Văn L', 'Nam', TO_DATE('02/12/1982', 'DD/MM/YYYY'), 0, '0101010112', N'Trưởng đơn vị', 'DV05');
-- Cập nhật lại bảng DONVI
UPDATE DAPH_DONVI SET TRGDV = 'DAPH_TDV01' WHERE MADV = 'DV03';
UPDATE DAPH_DONVI SET TRGDV = 'DAPH_TDV02' WHERE MADV = 'DV04';
UPDATE DAPH_DONVI SET TRGDV = 'DAPH_TDV03' WHERE MADV = 'DV05';

-- Trưởng khoa
INSERT INTO DAPH_NHANSU VALUES ('DAPH_TK01', N'Nguyễn Văn M', 'Nam', TO_DATE('02/01/1980', 'DD/MM/YYYY'), 0, '0101010113', N'Trưởng khoa', 'DV06');
INSERT INTO DAPH_NHANSU VALUES ('DAPH_TK02', N'Nguyễn Thị N', 'Nữ', TO_DATE('02/02/1981', 'DD/MM/YYYY'), 0, '0101010114', N'Trưởng khoa', 'DV07');
INSERT INTO DAPH_NHANSU VALUES ('DAPH_TK03', N'Lê Văn O', 'Nam', TO_DATE('02/03/1982', 'DD/MM/YYYY'), 0, '0101010115', N'Trưởng khoa', 'DV01');

-- Bảng HOCPHAN
INSERT INTO DAPH_HOCPHAN VALUES ('CSC12001', N'An toàn và bảo mật dữ liệu trong hệ thống thông tin', 4, 40, 35, 120, 'DV02','CQ');
INSERT INTO DAPH_HOCPHAN VALUES ('CSC13002', N'Nhập môn công nghệ phần mềm', 4, 40, 35, 120, 'DV03','CQ');
INSERT INTO DAPH_HOCPHAN VALUES ('CSC14003', N'Cơ sở dữ liệu', 4, 40, 35, 120, 'DV04','CQ');
INSERT INTO DAPH_HOCPHAN VALUES ('CSC15004', N'Mạng máy tính', 4, 40, 35, 120, 'DV05','CQ');
INSERT INTO DAPH_HOCPHAN VALUES ('CSC16005', N'Hệ điều hành', 4, 40, 35, 120, 'DV06','CQ');
INSERT INTO DAPH_HOCPHAN VALUES ('CSC17006', N'Lập trình hướng đối tượng', 4, 40, 35, 120, 'DV07','CQ');
INSERT INTO DAPH_HOCPHAN VALUES ('CSC18007', N'Phát triển ứng dụng web', 4, 40, 35, 120, 'DV01','CQ');
INSERT INTO DAPH_HOCPHAN VALUES ('CSC19008', N'Trí tuệ nhân tạo', 4, 40, 35, 120, 'DV02','CQ');
INSERT INTO DAPH_HOCPHAN VALUES ('CSC20009', N'Khóa học chuyên đề', 4, 40, 35, 120, 'DV03','CQ');
INSERT INTO DAPH_HOCPHAN VALUES ('CSC21010', N'Phát triển phần mềm di động', 4, 40, 35, 120, 'DV04','CQ');

-- Bảng KHMO
INSERT INTO DAPH_KHMO VALUES ('CSC12001', 2, 2024, 'CQ');
INSERT INTO DAPH_KHMO VALUES ('CSC13002', 1, 2024, 'CQ');
INSERT INTO DAPH_KHMO VALUES ('CSC14003', 2, 2024, 'CQ');
INSERT INTO DAPH_KHMO VALUES ('CSC15004', 1, 2024, 'CQ');
INSERT INTO DAPH_KHMO VALUES ('CSC16005', 2, 2024, 'CQ');
INSERT INTO DAPH_KHMO VALUES ('CSC17006', 1, 2024, 'CQ');
INSERT INTO DAPH_KHMO VALUES ('CSC18007', 2, 2024, 'CQ');
INSERT INTO DAPH_KHMO VALUES ('CSC19008', 1, 2024, 'CQ');
INSERT INTO DAPH_KHMO VALUES ('CSC20009', 2, 2024, 'CQ');
INSERT INTO DAPH_KHMO VALUES ('CSC21010', 1, 2024, 'CQ');

-- Bảng PHANCONG
INSERT INTO DAPH_PHANCONG VALUES ('DAPH_GVI01', 'CSC12001', 2, 2024, 'CQ');
INSERT INTO DAPH_PHANCONG VALUES ('DAPH_GVI02', 'CSC13002', 1, 2024, 'CQ');
INSERT INTO DAPH_PHANCONG VALUES ('DAPH_TDV01', 'CSC14003', 2, 2024, 'CQ');
INSERT INTO DAPH_PHANCONG VALUES ('DAPH_TDV02', 'CSC15004', 1, 2024, 'CQ');
INSERT INTO DAPH_PHANCONG VALUES ('DAPH_TDV03', 'CSC16005', 2, 2024, 'CQ');
INSERT INTO DAPH_PHANCONG VALUES ('DAPH_GVI03', 'CSC17006', 1, 2024, 'CQ');
INSERT INTO DAPH_PHANCONG VALUES ('DAPH_TK01', 'CSC18007', 2, 2024, 'CQ');
INSERT INTO DAPH_PHANCONG VALUES ('DAPH_TK02', 'CSC19008', 1, 2024, 'CQ');
INSERT INTO DAPH_PHANCONG VALUES ('DAPH_TK03', 'CSC20009', 2, 2024, 'CQ');
INSERT INTO DAPH_PHANCONG VALUES ('DAPH_GVI01', 'CSC21010', 1, 2024, 'CQ');

-- Bảng DANGKY 
INSERT INTO DAPH_DANGKY VALUES ('DAPH_SV21120206', 'DAPH_NV02', 'CSC12001', 2, 2024, 'CQ', 8, 8, 8, 8);
INSERT INTO DAPH_DANGKY VALUES ('DAPH_SV21120251', 'DAPH_GVI02', 'CSC13002', 1, 2024, 'CQ', 7, 7, 7, 7);
INSERT INTO DAPH_DANGKY VALUES ('DAPH_SV21120289', 'DAPH_TDV01', 'CSC14003', 2, 2024, 'CQ', 6, 6, 6, 6);
INSERT INTO DAPH_DANGKY VALUES ('DAPH_SV21120445', 'DAPH_TDV02', 'CSC15004', 1, 2024, 'CQ', 5, 5, 5, 5);
INSERT INTO DAPH_DANGKY VALUES ('DAPH_SV21120206', 'DAPH_TDV03', 'CSC16005', 2, 2024, 'CQ', 8, 8, 8, 8);
INSERT INTO DAPH_DANGKY VALUES ('DAPH_SV21120251', 'DAPH_GVI03', 'CSC17006', 1, 2024, 'CQ', 7, 7, 7, 7);
INSERT INTO DAPH_DANGKY VALUES ('DAPH_SV21120289', 'DAPH_TK01', 'CSC18007', 2, 2024, 'CQ', 6, 6, 6, 6);
INSERT INTO DAPH_DANGKY VALUES ('DAPH_SV21120445', 'DAPH_TK02', 'CSC19008', 1, 2024, 'CQ', 5, 5, 5, 5);
INSERT INTO DAPH_DANGKY VALUES ('DAPH_SV21120206', 'DAPH_TK03', 'CSC20009', 2, 2024, 'CQ', 8, 8, 8, 8);
INSERT INTO DAPH_DANGKY VALUES ('DAPH_SV21120251', 'DAPH_GVI01', 'CSC21010', 1, 2024, 'CQ', 7, 7, 7, 7);

-- Bảng THONGBAO sử dụng cho OLS
INSERT INTO DAPH_THONGBAO VALUES('Hop chuyen nganh he thong thong tin', TO_DATE('2024/01/05', 'yyyy/mm/dd'), 4, 1, 1);
INSERT INTO DAPH_THONGBAO VALUES('To chuc hoc huong nghiep cho sinh vien', TO_DATE('2024/02/07', 'yyyy/mm/dd'), 1, 7, 2);
INSERT INTO DAPH_THONGBAO VALUES('Bao cao qua trinh sua chua co so 2', TO_DATE('2024/04/12', 'yyyy/mm/dd'), 5, 0, 2);
INSERT INTO DAPH_THONGBAO VALUES('Hoan thien bang diem', TO_DATE('2024/03/10', 'yyyy/mm/dd'), 3, 0, 1);